data_name,Zeng,vConv-based network
SydhK562Brf1UniPk,0.7154,0.8104
HaibHepg2Hnf4gsc6558V0416101UniPk,0.9395,0.9431
BroadHelas3Ezh239875UniPk,0.6753,0.7009
HaibPanc1NrsfPcr2xUniPk,0.929,0.9257
HaibH1hescBcl11aPcr1xUniPk,0.8759,0.901
SydhNb4CmycUniPk,0.8734,0.8843
UtaHelas3Pol2UniPk,0.7894,0.8022
SydhHelas3Elk112771IggrabUniPk,0.8945,0.8948
HaibA549Elf1V0422111Etoh02UniPk,0.8704,0.8784
SydhK562CjunUniPk,0.9602,0.9654
UwHaspCtcfUniPk,0.9847,0.9869
SydhK562Irf1Ifng30UniPk,0.8132,0.825
SydhK562Stat1Ifna6hUniPk,0.8406,0.8491
HaibHepg2Sp2V0422111UniPk,0.9185,0.9182
HaibH1hescEgr1V0416102UniPk,0.8653,0.8797
HaibEcc1CtcfcV0416102Dm002p1hUniPk,0.9894,0.9905
SydhMcf10aesCmycEtoh01HvdUniPk,0.9098,0.922
SydhNt2d1Yy1UcdUniPk,0.9433,0.9417
HaibGm12878NrsfPcr1xUniPk,0.9053,0.9169
SydhK562Corestsc30189IggrabUniPk,0.9015,0.9144
SydhGm12878MaxIggmusUniPk,0.8229,0.8358
UtaGm12891CtcfUniPk,0.948,0.9548
SydhGm12878Ctcfsc15914c20UniPk,0.981,0.9852
SydhGm18505NfkbTnfaIggrabUniPk,0.8737,0.8877
HaibHepg2Atf3V0416101UniPk,0.9233,0.9279
SydhPbdeGata1UcdUniPk,0.8625,0.8699
HaibH1hescSin3ak20Pcr1xUniPk,0.8179,0.8342
HaibGm12878Bcl3V0416101UniPk,0.8718,0.8697
SydhHelas3E2f1UniPk,0.8417,0.8514
HaibGm12878P300Pcr1xUniPk,0.8163,0.8368
HaibA549Usf1V0422111Etoh02UniPk,0.9078,0.9229
SydhK562Bach1sc14700IggrabUniPk,0.9316,0.9417
SydhGm08714Znf274UcdUniPk,0.912,0.9357
SydhGm12878Tblr1ab24550IggmusUniPk,0.816,0.8278
BroadK562Sap3039731UniPk,0.7715,0.7813
HaibSknshPol24h8V0416101UniPk,0.8326,0.8436
SydhGm12878Pol2IggmusUniPk,0.7769,0.7842
SydhK562Bdp1UniPk,0.6853,0.7708
HaibGm12878Zbtb33Pcr1xUniPk,0.8397,0.8514
HaibHepg2P300V0416101UniPk,0.9087,0.9146
UwAg04450CtcfUniPk,0.9773,0.9823
HaibT47dEralphaaPcr2xGen1hUniPk,0.8929,0.8961
SydhMcf10aesStat3Etoh01bUniPk,0.9522,0.9574
UtaGm19240CtcfUniPk,0.9611,0.9672
HaibK562MaxV0416102UniPk,0.8898,0.8961
HaibH1hescHdac2sc6296V0416102UniPk,0.7983,0.8319
SydhK562Bhlhe40nb100IggrabUniPk,0.9053,0.9128
HaibHepg2Elf1sc631V0416101UniPk,0.9254,0.9374
SydhK562Znf274UcdUniPk,0.9471,0.9357
SydhA549CebpbIggrabUniPk,0.9792,0.9806
BroadK562Hdac1sc6298UniPk,0.7582,0.7736
SydhHepg2Irf3IggrabUniPk,0.8712,0.8835
SydhH1hescUsf2IggrabUniPk,0.9535,0.9558
BroadNhekEzh239875UniPk,0.7639,0.7807
UwNhekCtcfUniPk,0.98,0.9828
SydhHuvecGata2UcdUniPk,0.8948,0.8997
SydhHepg2CebpbIggrabUniPk,0.9828,0.985
HaibSknmcFoxp2Pcr2xUniPk,0.8477,0.8656
SydhMcf7Tcf7l2UcdUniPk,0.842,0.8565
HaibHct116Zbtb33V0416101UniPk,0.7901,0.8182
UwGm12864CtcfUniPk,0.9766,0.9812
UwHvmfCtcfUniPk,0.9777,0.9813
SydhHek293Pol2UniPk,0.7975,0.8248
SydhK562TbpIggmusUniPk,0.8203,0.8197
HaibHepg2Pol2Pcr2xUniPk,0.7905,0.8023
BroadHepg2CtcfUniPk,0.9797,0.9835
SydhA549MaxIggrabUniPk,0.8475,0.8636
HaibH1hescRxraV0416102UniPk,0.7374,0.797
SydhGm19099NfkbTnfaIggrabUniPk,0.9121,0.918
SydhK562P300IggrabUniPk,0.907,0.9124
SydhH1hescSin3anb6001263IggrabUniPk,0.8272,0.8422
UtaH1hescPol2UniPk,0.8008,0.8139
HaibHepg2Zbtb7aV0416101UniPk,0.8438,0.8655
UtaMcf7Pol2SerumstimUniPk,0.8185,0.8304
HaibGm12892Yy1V0416101UniPk,0.9134,0.9218
HaibHepg2Hnf4asc8987V0416101UniPk,0.9513,0.9553
HaibHepg2Nficsc81335V0422111UniPk,0.8446,0.8505
UtaHelas3CtcfUniPk,0.9836,0.9883
HaibH1hescNanogsc33759V0416102UniPk,0.8879,0.9052
SydhHepg2P300sc582IggrabUniPk,0.8153,0.8488
UtaFibroblCtcfUniPk,0.9663,0.9705
SydhK562MaxIggrabUniPk,0.8914,0.8938
SydhPanc1Tcf7l2UcdUniPk,0.8078,0.815
HaibK562Thap1sc98174V0416101UniPk,0.7757,0.8052
HaibHepg2Cebpdsc636V0416101UniPk,0.8738,0.8818
HaibK562Pu1Pcr1xUniPk,0.9854,0.987
SydhK562Stat1Ifng6hUniPk,0.8628,0.8779
UtaGlioblaPol2UniPk,0.8151,0.8254
BroadK562Ezh239875UniPk,0.6677,0.6963
UtaHuvecPol2UniPk,0.8246,0.8386
BroadGm12878CtcfUniPk,0.9675,0.9719
SydhHelas3Brf2UniPk,0.5719,0.6011
HaibK562Gata2sc267Pcr1xUniPk,0.941,0.9483
SydhHelas3CfosUniPk,0.9538,0.9563
HaibGm12878Pol24h8Pcr1xUniPk,0.7559,0.7788
HaibA549NrsfV0422111Etoh02UniPk,0.8346,0.843
HaibHepg2Rad21V0416101UniPk,0.9622,0.9714
BroadNhdfadCtcfUniPk,0.9764,0.9809
UwAg10803CtcfUniPk,0.9799,0.9821
UtaMcf7CtcfSerumstimUniPk,0.9538,0.9592
SydhK562Ccnt2UniPk,0.8277,0.8482
UwSaecCtcfUniPk,0.9809,0.984
SydhGm12878Chd1a301218aIggmusUniPk,0.7213,0.7289
SydhGm15510NfkbTnfaIggrabUniPk,0.8268,0.8321
HaibGm12891Yy1sc281V0416101UniPk,0.8979,0.9019
SydhK562Gata2UcdUniPk,0.9293,0.9352
HaibT47dEraaV0416102Bpa1hUniPk,0.8902,0.8951
SydhHepg2Hnf4aForsklnUniPk,0.9237,0.9298
HaibGm12892Pax5c20V0416101UniPk,0.8445,0.8547
HaibH1hescFosl1sc183V0416102UniPk,0.7783,0.8062
HaibGm12878Egr1Pcr2xUniPk,0.9097,0.9158
HaibPfsk1Taf1V0416101UniPk,0.8173,0.8198
SydhH1hescSuz12UcdUniPk,0.824,0.8159
HaibH1hescSp1Pcr1xUniPk,0.8557,0.8672
BroadK562Phf8a301772aUniPk,0.7922,0.8087
HaibGm12878Atf2sc81188V0422111UniPk,0.8689,0.8847
SydhK562CmycIfna6hUniPk,0.8241,0.8424
HaibPfsk1NrsfPcr2xUniPk,0.9178,0.9253
HaibA549Zbtb33V0422111Etoh02UniPk,0.806,0.8156
SydhGm12878Rfx5200401194IggmusUniPk,0.8488,0.8576
SydhHelas3Brf1UniPk,0.7953,0.8439
SydhHelas3Ap2gammaUniPk,0.8877,0.8935
SydhHepg2Mazab85725IggrabUniPk,0.848,0.8567
SydhHepg2Corestsc30189IggrabUniPk,0.7647,0.7756
UtaGlioblaCtcfUniPk,0.971,0.9762
BroadHelas3Pol2bUniPk,0.7413,0.7614
SydhMcf10aesCfosEtoh01HvdUniPk,0.9728,0.9752
SydhK562Rfx5IggrabUniPk,0.7813,0.8201
HaibGm12878Mef2aPcr1xUniPk,0.9114,0.9152
BroadDnd41Ezh239875UniPk,0.7408,0.7862
SydhHepg2Pol2ForsklnUniPk,0.8089,0.8178
UwAg09319CtcfUniPk,0.9778,0.9815
HaibK562Pmlsc71910V0422111UniPk,0.8359,0.8433
SydhK562Arid3asc8821IggrabUniPk,0.8549,0.8618
SydhGm18951Pol2IggmusUniPk,0.8053,0.8136
HaibHepg2Mybl2sc81192V0422111UniPk,0.8165,0.8244
UtaHepg2CtcfUniPk,0.9916,0.9931
SydhU2osKap1UcdUniPk,0.7574,0.7723
HaibH1hescSp2V0422111UniPk,0.8969,0.913
SydhK562Nrf1IggrabUniPk,0.9486,0.9511
SydhGm12878Brca1a300IggmusUniPk,0.9481,0.9514
UwGm12878CtcfUniPk,0.9848,0.9864
UtaGm19238CtcfUniPk,0.9524,0.9582
HaibK562CtcfcPcr1xUniPk,0.9788,0.9829
HaibA549GrPcr1xDex500pmUniPk,0.7759,0.7969
HaibHelas3Taf1Pcr1xUniPk,0.8087,0.8136
SydhGm12878Nrf1IggmusUniPk,0.9187,0.9256
HaibT47dEralphaaV0416102Est10nm1hUniPk,0.8899,0.9006
SydhK562CmycIfng30UniPk,0.8833,0.8967
SydhNt2d1Suz12UcdUniPk,0.7554,0.7789
SydhGm12878WhipIggmusUniPk,0.7432,0.7535
SydhImr90Pol2IggrabUniPk,0.803,0.8106
UtaMcf7CtcfSerumstvdUniPk,0.9555,0.9614
UwWerirb1CtcfUniPk,0.9802,0.9853
HaibEcc1Pol2V0416102Dm002p1hUniPk,0.8191,0.8271
HaibA549Usf1Pcr1xDex100nmUniPk,0.9025,0.9058
HaibHepg2Ctcfsc5916V0416101UniPk,0.9858,0.9885
SydhH1hescBrca1IggrabUniPk,0.8005,0.8688
SydhHelas3Chd2IggrabUniPk,0.8705,0.8887
SydhHepg2Pol2IggrabUniPk,0.7809,0.7855
UwHeeCtcfUniPk,0.9778,0.9813
HaibHepg2NrsfPcr2xUniPk,0.905,0.9116
SydhH1hescMafkIggrabUniPk,0.9752,0.9757
HaibK562Yy1V0416102UniPk,0.9065,0.9143
BroadK562Hdac6a301341aUniPk,0.6381,0.7002
SydhK562Ubfsc13125IggmusUniPk,0.8249,0.84
SydhK562Pol2s2UniPk,0.6721,0.6877
HaibH1hescSrfPcr1xUniPk,0.9377,0.947
SydhHek293Tcf7l2UcdUniPk,0.8509,0.8554
HaibHepg2Foxa1sc6553V0416101UniPk,0.9577,0.9604
SydhHepg2ErraForsklnUniPk,0.851,0.8832
HaibGm12878Stat5asc74442V0422111UniPk,0.8099,0.8174
HaibK562Sin3ak20V0416101UniPk,0.8175,0.8376
HaibH1hescCtcfsc5916V0416102UniPk,0.9815,0.9861
UwMcf7CtcfUniPk,0.9814,0.984
HaibH1hescUsf1Pcr1xUniPk,0.9824,0.9828
SydhGm12891NfkbTnfaIggrabUniPk,0.8882,0.8949
SydhHepg2Brca1a300IggrabUniPk,0.839,0.8535
SydhA549Rad21IggrabUniPk,0.9835,0.9853
HaibK562Cbx3sc101004V0422111UniPk,0.8111,0.8333
HaibH1hescTcf12Pcr1xUniPk,0.8774,0.8956
BroadK562Plu1UniPk,0.799,0.8119
HaibHuvecPol2Pcr1xUniPk,0.8019,0.8099
UtaHepg2Pol2UniPk,0.785,0.7956
HaibH1hescJundV0416102UniPk,0.8565,0.868
SydhHelas3Mxi1af4185IggrabUniPk,0.8491,0.8432
HaibA549GrPcr2xDex100nmUniPk,0.8902,0.8952
SydhGm12878Pol2s2IggmusUniPk,0.7577,0.7752
SydhK562Mafkab50322IggrabUniPk,0.972,0.9751
HaibHepg2Bhlhe40V0416101UniPk,0.9242,0.9392
SydhGm12878Pol3UniPk,0.9931,0.9948
SydhK562Tblr1ab24550IggrabUniPk,0.765,0.7805
HaibA549Yy1cV0422111Etoh02UniPk,0.8565,0.8751
HaibK562SrfV0416101UniPk,0.875,0.8831
UwHmecCtcfUniPk,0.9764,0.9813
HaibGm12878GabpPcr2xUniPk,0.9022,0.9097
SydhHepg2Srebp1InslnUniPk,0.8252,0.8553
SydhK562Znf274m01UcdUniPk,0.7894,0.8077
SydhHepg2Mafksc477IggrabUniPk,0.9853,0.9875
SydhHepg2Mafkab50322IggrabUniPk,0.9869,0.9897
HaibK562Nr2f2sc271940V0422111UniPk,0.8944,0.9007
SydhHek293Kap1UcdUniPk,0.7547,0.7634
SydhGm19193NfkbTnfaIggrabUniPk,0.9064,0.917
HaibSknshTaf1V0416101UniPk,0.839,0.856
SydhK562CjunIfna30UniPk,0.9331,0.9284
BroadOsteoblCtcfUniPk,0.9596,0.9655
SydhHepg2Hsf1ForsklnUniPk,0.9452,0.957
SydhNb4Pol2UniPk,0.811,0.8119
HaibHepg2GabpPcr2xUniPk,0.8927,0.8984
HaibK562Sp2sc643V0416102UniPk,0.9,0.9054
SydhGm12878Ikzf1iknuclaUniPk,0.8088,0.8201
SydhK562Atf3UniPk,0.8256,0.8833
HaibA549P300V0422111Etoh02UniPk,0.8649,0.8757
SydhHelas3Corestsc30189IggrabUniPk,0.8397,0.8542
SydhK562NelfeUniPk,0.7138,0.7418
SydhK562Hmgn3UniPk,0.8124,0.8172
SydhK562Pol2Ifna30UniPk,0.7923,0.7981
SydhK562Gtf2f1ab28179IggrabUniPk,0.7414,0.7649
HaibK562Taf7sc101167V0416101UniPk,0.7491,0.7708
BroadH1hescJarid1aab26049UniPk,0.7828,0.7938
SydhHelas3NfybIggrabUniPk,0.9215,0.9337
SydhMcf7Gata3UcdUniPk,0.7945,0.8202
HaibSknshraP300V0416102UniPk,0.882,0.8949
UchicagoK562EfosUniPk,0.9655,0.9702
UwGm12865CtcfUniPk,0.9809,0.9833
BroadK562Hdac2a300705aUniPk,0.7667,0.7874
HaibH1hescP300V0416102UniPk,0.839,0.8471
SydhHepg2Bhlhe40cIggrabUniPk,0.8951,0.8949
SydhHepg2Pgc1aForsklnUniPk,0.645,0.6791
HaibGm12878Nfatc1sc17834V0422111UniPk,0.8245,0.8359
UtaGm19239CtcfUniPk,0.9581,0.9674
UwHrpeCtcfUniPk,0.982,0.9864
SydhH1hescCtbp2UcdUniPk,0.771,0.7921
SydhGm12878CfosUniPk,0.9717,0.9721
UchicagoK562EjunbUniPk,0.9259,0.9271
HaibGm12878Rad21V0416101UniPk,0.9725,0.9766
SydhMcf7Hae2f1UcdUniPk,0.8263,0.8335
SydhH1hescCebpbIggrabUniPk,0.9792,0.9805
HaibGm12878Bcl11aPcr1xUniPk,0.9084,0.9201
SydhGm12892Pol2IggmusUniPk,0.8124,0.8194
UwA549CtcfUniPk,0.9787,0.9828
BroadK562CtcfUniPk,0.9466,0.9548
SydhHelas3Nrf1IggmusUniPk,0.9566,0.9612
SydhK562Usf2IggrabUniPk,0.9361,0.9519
UtaA549CtcfUniPk,0.9677,0.9735
SydhHelas3CjunIggrabUniPk,0.9494,0.9515
HaibPanc1Pol24h8V0416101UniPk,0.7705,0.7849
UwHbmecCtcfUniPk,0.977,0.9815
HaibGm12878Tcf3Pcr1xUniPk,0.8736,0.8803
SydhK562Pol2UniPk,0.7904,0.8187
SydhHelas3Znf274UcdUniPk,0.9934,0.9836
SydhGm19193Pol2IggmusUniPk,0.8009,0.8098
HaibK562Mef2aV0416101UniPk,0.8933,0.9059
UwHcpeCtcfUniPk,0.9776,0.9819
SydhK562Tal1sc12984IggmusUniPk,0.9509,0.9552
SydhHelas3Prdm19115IggrabUniPk,0.9188,0.9275
SydhGm18526Pol2IggmusUniPk,0.8074,0.813
SydhHelas3P300sc584sc584IggrabUniPk,0.9168,0.9186
SydhGm12878Znf143166181apUniPk,0.9645,0.9663
HaibGm12878Pmlsc71910V0422111UniPk,0.7791,0.7974
HaibH1hescTaf7sc101167V0416102UniPk,0.7987,0.8057
UtaH1hescCmycUniPk,0.6098,0.679
SydhK562Gata1UcdUniPk,0.941,0.9515
SydhImr90CebpbIggrabUniPk,0.969,0.9735
HaibH1hescYy1sc281V0416102UniPk,0.9159,0.9238
UtaH1hescCtcfUniPk,0.9774,0.9817
SydhK562CjunIfna6hUniPk,0.9462,0.9567
HaibK562NrsfV0416102UniPk,0.9118,0.9149
UwSknshraCtcfUniPk,0.9786,0.9847
HaibHelas3GabpPcr1xUniPk,0.9177,0.9242
SydhMcf7Znf217UcdUniPk,0.817,0.8301
SydhK562Znf143IggrabUniPk,0.9454,0.9485
SydhHelas3CebpbIggrabUniPk,0.9512,0.955
SydhHelas3Elk4UcdUniPk,0.8727,0.8921
SydhK562Ini1IggmusUniPk,0.6933,0.7078
BroadH1hescEzh239875UniPk,0.777,0.7933
HaibH1hescNrsfV0416102UniPk,0.9564,0.9609
HaibK562Cebpbsc150V0422111UniPk,0.9472,0.953
HaibHepg2JundPcr1xUniPk,0.9128,0.9213
SydhHepg2Smc3ab9263IggrabUniPk,0.9625,0.9657
HaibT47dFoxa1sc6553V0416102Dm002p1hUniPk,0.9445,0.9521
HaibGm12892Pol2V0416102UniPk,0.7796,0.7931
SydhMcf10aesStat3Tam112hHvdUniPk,0.9547,0.9575
HaibK562Stat5asc74442V0422111UniPk,0.9171,0.9222
UtaProgfibCtcfUniPk,0.9768,0.9803
HaibEcc1Foxa1sc6553V0416102Dm002p1hUniPk,0.9152,0.9238
HaibEcc1GrV0416102Dex100nmUniPk,0.8609,0.8877
SydhK562Stat2Ifna30UniPk,0.8381,0.8567
HaibHepg2NrsfV0416101UniPk,0.857,0.8603
BroadHmecEzh239875UniPk,0.7206,0.7305
BroadHuvecPol2bUniPk,0.7502,0.7657
UtaMcf7CtcfEstroUniPk,0.9752,0.9785
UwGm12873CtcfUniPk,0.9762,0.9806
HaibA549Pol2Pcr2xEtoh02UniPk,0.8064,0.8169
SydhHepg2TbpIggrabUniPk,0.788,0.8007
HaibPfsk1Sin3ak20V0416101UniPk,0.7991,0.8104
SydhK562CjunIfng30UniPk,0.9367,0.9448
HaibA549Taf1V0422111Etoh02UniPk,0.7696,0.7738
UwHcmCtcfUniPk,0.9709,0.9737
SydhK562CjunIfng6hUniPk,0.9373,0.9456
HaibA549Pol2Pcr2xDex100nmUniPk,0.8117,0.8226
BroadH1hescRbbp5a300109aUniPk,0.7859,0.7981
HaibGm12878Mef2csc13268V0416101UniPk,0.8987,0.9029
SydhK562Chd2ab68301IggrabUniPk,0.8747,0.8926
SydhGm10847Pol2IggmusUniPk,0.8003,0.8272
SydhGm12878Smc3ab9263IggmusUniPk,0.9601,0.9637
HaibPanc1Sin3ak20V0416101UniPk,0.7757,0.7897
SydhGm12878Stat1UniPk,0.686,0.7191
SydhHepg2Mxi1UniPk,0.8491,0.8558
SydhGm12878Bhlhe40cIggmusUniPk,0.8837,0.9004
UwGm12801CtcfUniPk,0.9867,0.9888
SydhH1hescChd2IggrabUniPk,0.8695,0.8711
SydhK562Mazab85725IggrabUniPk,0.9064,0.913
BroadK562Pol2bUniPk,0.7669,0.782
BroadNhaCtcfUniPk,0.9807,0.9829
HaibSknshraCtcfV0416102UniPk,0.9893,0.9918
HaibGm12878RxraPcr1xUniPk,0.7366,0.7816
HaibHepg2Pol24h8V0416102UniPk,0.7889,0.7969
SydhGm15510Pol2IggmusUniPk,0.8096,0.821
SydhHek293Elk4UcdUniPk,0.7813,0.8136
SydhK562Irf1Ifng6hUniPk,0.8764,0.8873
HaibHct116Pol24h8V0416101UniPk,0.8311,0.8397
UwGm12874CtcfUniPk,0.9859,0.9866
SydhGm12878P300IggmusUniPk,0.8572,0.8677
SydhHelas3Baf170IggmusUniPk,0.7302,0.7599
HaibA549GrPcr1xDex5nmUniPk,0.9138,0.9187
HaibK562Trim28sc81411V0422111UniPk,0.8284,0.8513
HaibGm12878Pou2f2Pcr1xUniPk,0.8692,0.8718
BroadHmecCtcfUniPk,0.9814,0.9868
SydhK562Znf263UcdUniPk,0.8364,0.8614
SydhK562Mxi1af4185IggrabUniPk,0.8313,0.8462
HaibGm12891Pu1Pcr1xUniPk,0.9818,0.9847
HaibH1hescTead4sc101184V0422111UniPk,0.9537,0.9589
HaibK562Fosl1sc183V0416101UniPk,0.9602,0.9666
HaibA549Creb1sc240V0416102Dex100nmUniPk,0.8844,0.8859
HaibGm12878Zeb1sc25388V0416102UniPk,0.8302,0.8568
HaibU87NrsfPcr2xUniPk,0.8508,0.854
SydhGm12878Stat3IggmusUniPk,0.7483,0.7809
SydhHelas3Stat1Ifng30UniPk,0.8479,0.8595
SydhImr90CtcfbIggrabUniPk,0.9815,0.9852
HaibHelas3Pol2Pcr1xUniPk,0.7929,0.8065
HaibEcc1EralphaaV0416102Est10nm1hUniPk,0.8735,0.8842
BroadHsmmtEzh239875UniPk,0.7379,0.7606
SydhK562Setdb1MnasedUcdUniPk,0.7352,0.7542
HaibGm12878Runx3sc101553V0422111UniPk,0.92,0.9322
UtaK562Pol2UniPk,0.8056,0.8165
SydhK562Nfe2UniPk,0.9855,0.9871
HaibSknmcPol24h8V0416101UniPk,0.841,0.8479
SydhK562Ubtfsab1404509IggmusUniPk,0.8149,0.8218
SydhHelas3Stat3IggrabUniPk,0.8884,0.8956
UtaMcf7CmycSerumstvdUniPk,0.7858,0.809
SydhHepg2Znf274UcdUniPk,0.9718,0.9843
BroadH1hescCtcfUniPk,0.9738,0.9823
HaibGm12878Pax5c20Pcr1xUniPk,0.8965,0.9072
SydhK562MaffIggrabUniPk,0.973,0.9768
UwGm06990CtcfUniPk,0.9773,0.9821
SydhMcf10aesStat3TamUniPk,0.9581,0.9611
SydhK562CfosUniPk,0.9742,0.9776
HaibK562GabpV0416101UniPk,0.91,0.9155
UwBe2cCtcfUniPk,0.9774,0.9814
HaibHepg2Tcf12Pcr1xUniPk,0.805,0.8116
HaibHepg2Fosl2V0416101UniPk,0.9268,0.93
SydhGm12878Tr4UniPk,0.7834,0.7969
SydhHepg2Grp20ForsklnUniPk,0.8407,0.866
UtaMcf7CmycVehUniPk,0.8567,0.8624
UchicagoK562Egata2UniPk,0.8397,0.853
HaibSknshSin3ak20V0416101UniPk,0.8273,0.8314
SydhHelas3Smc3ab9263IggrabUniPk,0.9501,0.9527
HaibGm12878BatfPcr1xUniPk,0.9545,0.9579
HaibA549Fosl2V0422111Etoh02UniPk,0.9486,0.9515
HaibSknshNrsfPcr2xUniPk,0.8275,0.8425
SydhShsy5yGata3sc269sc269UcdUniPk,0.8607,0.8819
UtaMcf7CtcfUniPk,0.9658,0.9707
SydhK562Tf3c110UniPk,0.9664,0.964
BroadK562Rbbp5a300109aUniPk,0.7847,0.7943
SydhHelas3Rfx5200401194IggrabUniPk,0.882,0.8947
SydhHct116Pol2UcdUniPk,0.7923,0.812
SydhGm12878NfyaIggmusUniPk,0.9143,0.9178
SydhImr90MafkIggrabUniPk,0.9764,0.9797
SydhGm12878P300bUniPk,0.9062,0.9197
HaibGm12878Tcf12Pcr1xUniPk,0.889,0.8999
UtaMcf7Pol2UniPk,0.8038,0.8197
SydhGm10847NfkbTnfaIggrabUniPk,0.8659,0.8736
UwHelas3CtcfUniPk,0.9886,0.9903
UwK562CtcfUniPk,0.9822,0.9852
SydhK562Brf2UniPk,0.6188,0.6974
SydhHelas3NfyaIggrabUniPk,0.8964,0.9054
SydhK562E2f4UcdUniPk,0.8694,0.8676
UwAg04449CtcfUniPk,0.9751,0.9825
SydhHelas3Ap2alphaUniPk,0.8917,0.9021
HaibH1hescRad21V0416102UniPk,0.9678,0.9756
HaibA549Tcf12V0422111Etoh02UniPk,0.8524,0.859
SydhH1hescGtf2f1IggrabUniPk,0.7561,0.7896
SydhHuvecMaxUniPk,0.9217,0.9252
HaibU87Pol24h8V0416101UniPk,0.8105,0.8159
BroadGm12878Ezh239875UniPk,0.7142,0.7249
HaibHepg2Yy1sc281V0416101UniPk,0.8794,0.8842
SydhGm12878Sin3anb6001263IggmusUniPk,0.7719,0.7921
HaibA549Ctcfsc5916Pcr1xEtoh02UniPk,0.9882,0.99
SydhHelas3Tcf7l2c9b92565UcdUniPk,0.8342,0.8374
SydhHepg2Tr4UcdUniPk,0.8411,0.8504
HaibGm12878Cebpbsc150V0422111UniPk,0.8222,0.8506
SydhHelas3Usf2IggmusUniPk,0.9267,0.929
SydhShsy5yGata2UcdUniPk,0.9063,0.9147
SydhK562Corestab24166IggrabUniPk,0.839,0.8485
UwHl60CtcfUniPk,0.9922,0.9931
HaibGm12878Taf1Pcr1xUniPk,0.822,0.8315
HaibGm12891Taf1Pcr1xUniPk,0.8111,0.8121
SydhHelas3JundIggrabUniPk,0.9605,0.9632
HaibGm12878Irf4sc6059Pcr1xUniPk,0.9125,0.9192
HaibH1hescAtf3V0416102UniPk,0.9299,0.9372
SydhGm12878Rad21IggrabUniPk,0.973,0.9745
BroadHepg2Ezh239875UniPk,0.7463,0.7533
HaibHelas3NrsfPcr1xUniPk,0.9578,0.9595
HaibK562Sp1Pcr1xUniPk,0.8672,0.875
HaibSknshraUsf1sc8983V0416102UniPk,0.9662,0.9717
HaibH1hescGabpPcr1xUniPk,0.8902,0.9016
UwHffmycCtcfUniPk,0.9731,0.9769
UwNb4CtcfUniPk,0.9877,0.9891
SydhGm18505Pol2IggmusUniPk,0.7953,0.8092
SydhHepg2Tcf7l2UcdUniPk,0.7934,0.8216
SydhMcf10aesCfosTam14hHvdUniPk,0.9654,0.9712
UwHreCtcfUniPk,0.9834,0.9864
UtaMcf7Pol2SerumstvdUniPk,0.8223,0.8346
BroadK562Chd1a301218aUniPk,0.7337,0.751
SydhMcf10aesCfosTam112hHvdUniPk,0.9668,0.9734
SydhRajiPol2UcdUniPk,0.7804,0.7941
SydhK562Pol2Ifng30UniPk,0.7938,0.8123
SydhGm12878Chd2ab68301IggmusUniPk,0.8161,0.8384
SydhImr90Rad21IggrabUniPk,0.9685,0.971
SydhK562Elk112771IggrabUniPk,0.8689,0.8875
SydhHepg2Maffm8194IggrabUniPk,0.9846,0.986
HaibEcc1EralphaaV0416102Gen1hUniPk,0.8668,0.8744
SydhK562Brg1IggmusUniPk,0.7589,0.7833
UwCaco2CtcfUniPk,0.9835,0.9855
HaibGm12878Atf3Pcr1xUniPk,0.8712,0.8868
SydhGm19099Pol2IggmusUniPk,0.7952,0.8076
UwHepg2CtcfUniPk,0.9826,0.9858
SydhGm12878Ebf1sc137065UniPk,0.9263,0.9332
SydhGm12878Pol2UniPk,0.7708,0.7935
SydhH1hescRad21IggrabUniPk,0.9764,0.9818
BroadHsmmCtcfUniPk,0.9793,0.9821
HaibHepg2Taf1Pcr2xUniPk,0.8196,0.8342
HaibK562Taf1V0416101UniPk,0.8306,0.841
HaibH1hescSix5Pcr1xUniPk,0.9086,0.9115
SydhHelas3Gtf2f1ab28179IggrabUniPk,0.7931,0.8154
UwHuvecCtcfUniPk,0.9841,0.9866
HaibSknshraYy1sc281V0416102UniPk,0.8908,0.8931
HaibGm12892Taf1V0416102UniPk,0.8173,0.8318
HaibK562Atf3V0416101UniPk,0.9418,0.9411
UwHcfaaCtcfUniPk,0.9831,0.9864
SydhGm12878Mxi1IggmusUniPk,0.8206,0.82
UtaProgfibPol2UniPk,0.8091,0.8226
HaibHepg2Foxa2sc6554V0416101UniPk,0.9574,0.9614
HaibHepg2Cebpbsc150V0416101UniPk,0.9748,0.9765
SydhH1hescMxi1IggrabUniPk,0.8275,0.8428
SydhHelas3Hae2f1UniPk,0.8601,0.8742
HaibGm12878Usf1Pcr2xUniPk,0.9466,0.9476
SydhGm12878Nfe2sc22827UniPk,0.9396,0.9484
UwHmfCtcfUniPk,0.9827,0.986
SydhHelas3Pol2UniPk,0.804,0.812
SydhK562Pol2s2IggrabUniPk,0.7081,0.717
SydhK562CebpbIggrabUniPk,0.9754,0.9771
HaibPfsk1Foxp2Pcr2xUniPk,0.8692,0.8785
SydhK562Irf1Ifna6hUniPk,0.8607,0.8649
SydhGm12878Corestsc30189IggmusUniPk,0.7783,0.7822
SydhGm12891Pol2IggmusUniPk,0.7712,0.7757
UchicagoK562Ehdac8UniPk,0.6982,0.7096
SydhK562Yy1UcdUniPk,0.9482,0.957
HaibGm12891Pou2f2Pcr1xUniPk,0.8389,0.8446
SydhHelas3Znf143IggrabUniPk,0.8801,0.9011
SydhK562Kap1UcdUniPk,0.8479,0.855
SydhGm12878Usf2IggmusUniPk,0.9354,0.9388
SydhHepg2Nrf1IggrabUniPk,0.9786,0.9808
SydhK562Smc3ab9263IggrabUniPk,0.9776,0.981
UwRptecCtcfUniPk,0.9753,0.9789
HaibH1hescPou5f1sc9081V0416102UniPk,0.9369,0.941
SydhHepg2MaxIggrabUniPk,0.8591,0.8723
HaibGm12878Pu1Pcr1xUniPk,0.9829,0.9851
SydhK562Gtf2bUniPk,0.7612,0.7825
UwNhdfneoCtcfUniPk,0.9771,0.9795
HaibEcc1EraaV0416102Bpa1hUniPk,0.8432,0.8514
SydhHek293tZnf263UcdUniPk,0.8768,0.8815
SydhK562CtcfbIggrabUniPk,0.9776,0.9825
SydhHct116Tcf7l2UcdUniPk,0.8731,0.8817
SydhK562Atf106325UniPk,0.9051,0.9072
SydhHepg2CebpbForsklnUniPk,0.9591,0.963
UwHek293CtcfUniPk,0.9848,0.9864
HaibHct116Yy1sc281V0416101UniPk,0.9011,0.9027
HaibK562Bcl3Pcr1xUniPk,0.7163,0.7848
HaibGm12878Nficsc81335V0422111UniPk,0.8831,0.8913
UtaHepg2CmycUniPk,0.8562,0.8641
SydhHepg2CjunIggrabUniPk,0.972,0.9735
HaibA549Sin3ak20V0422111Etoh02UniPk,0.7296,0.773
SydhGm18951NfkbTnfaIggrabUniPk,0.8507,0.8576
SydhHepg2Chd2ab68301IggrabUniPk,0.8405,0.8539
HaibGm12878Pol2Pcr2xUniPk,0.7865,0.8016
HaibGm12878Elf1sc631V0416101UniPk,0.8814,0.8913
HaibK562Six5Pcr1xUniPk,0.8723,0.8777
SydhK562Rpc155UniPk,0.9406,0.9524
SydhHelas3MaxIggrabUniPk,0.87,0.8755
SydhK562NfybUniPk,0.9818,0.9841
UtaHelas3CmycUniPk,0.8516,0.8717
SydhGm12878Yy1UniPk,0.8476,0.8725
SydhMcf10aesPol2Etoh01UniPk,0.7969,0.804
UwHpafCtcfUniPk,0.978,0.9832
HaibH1hescPol24h8V0416102UniPk,0.7828,0.7986
UtaNhekCtcfUniPk,0.9685,0.9736
BroadHsmmEzh239875UniPk,0.6981,0.7356
SydhPbdefetalGata1UcdUniPk,0.9248,0.9325
SydhK562Pol2Ifna6hUniPk,0.7881,0.8036
SydhK562CmycUniPk,0.8351,0.8509
UtaHuvecCmycUniPk,0.8827,0.8967
SydhHelas3MafkIggrabUniPk,0.9385,0.9456
SydhH1hescZnf143IggrabUniPk,0.9402,0.9437
HaibK562Pol2V0416101UniPk,0.7921,0.8014
BroadK562P300UniPk,0.7594,0.7563
HaibT47dP300V0416102Dm002p1hUniPk,0.8583,0.8731
HaibHepg2Sp1Pcr1xUniPk,0.8911,0.901
HaibGm12878Yy1sc281Pcr1xUniPk,0.912,0.919
HaibK562Usf1V0416101UniPk,0.9589,0.9637
HaibA549Ets1V0422111Etoh02UniPk,0.7661,0.8074
SydhGm12878NfkbTnfaIggrabUniPk,0.893,0.8961
SydhHepg2JundIggrabUniPk,0.9788,0.98
SydhK562Tblr1nb600270IggrabUniPk,0.8794,0.8868
HaibHepg2RxraPcr1xUniPk,0.8973,0.9061
SydhK562JundIggrabUniPk,0.934,0.9447
SydhHelas3Spt20UniPk,0.6663,0.685
UtaK562CtcfUniPk,0.9842,0.9875
SydhHelas3Tcf7l2UcdUniPk,0.8185,0.8305
HaibA549GrPcr1xDex50nmUniPk,0.9114,0.924
BroadNhlfCtcfUniPk,0.9736,0.9772
SydhK562Pol2Ifng6hUniPk,0.794,0.8074
HaibK562Bclaf101388Pcr1xUniPk,0.7232,0.7414
UtaK562CmycUniPk,0.8652,0.877
UtaMcf7CtcfVehUniPk,0.9747,0.9794
SydhMcf10aesE2f4TamHvdUniPk,0.9173,0.9225
HaibGm12878Sp1Pcr1xUniPk,0.879,0.8851
HaibGm12878Pax5n19Pcr1xUniPk,0.8853,0.891
BroadNhaEzh239875UniPk,0.7685,0.7817
HaibK562Zbtb33Pcr1xUniPk,0.839,0.8724
SydhGm12878Mazab85725IggmusUniPk,0.842,0.849
SydhGm12878E2f4IggmusUniPk,0.8065,0.8251
UtaGm12892CtcfUniPk,0.948,0.9546
SydhH1hescCmycIggrabUniPk,0.8522,0.8634
SydhMcf10aesStat3Etoh01UniPk,0.9411,0.944
SydhHuvecPol2UniPk,0.7844,0.7959
HaibH1hescTaf1V0416102UniPk,0.8179,0.8241
UwGm12872CtcfUniPk,0.9773,0.9798
HaibK562E2f6V0416102UniPk,0.8691,0.8811
SydhK562CmycIfna30UniPk,0.8059,0.831
SydhK562CmycIfng6hUniPk,0.8512,0.8624
HaibA549Foxa1V0416102Dex100nmUniPk,0.9018,0.9178
SydhHelas3E2f6UniPk,0.7864,0.8015
HaibH1hescPol2V0416102UniPk,0.7906,0.7911
BroadNhekPol2bUniPk,0.7176,0.7335
SydhHuvecCjunUniPk,0.9699,0.97
UtaA549Pol2UniPk,0.8312,0.8323
UwGm12875CtcfUniPk,0.9843,0.9865
SydhH1hescNrf1IggrabUniPk,0.9357,0.9492
SydhK562Stat2Ifna6hUniPk,0.8951,0.8929
SydhMcf10aesStat3Etoh01cUniPk,0.9494,0.957
BroadHsmmtCtcfUniPk,0.9705,0.9751
BroadNhekCtcfUniPk,0.9697,0.9741
SydhGm12878Elk112771IggmusUniPk,0.8618,0.8735
UwNhlfCtcfUniPk,0.9712,0.9738
SydhHelas3Zzz3UniPk,0.8865,0.887
HaibGm12891Pol2Pcr1xUniPk,0.7691,0.7829
SydhHelas3Mazab85725IggrabUniPk,0.8588,0.8621
UtaMcf7CmycEstroUniPk,0.8234,0.8296
UtaGm12878Pol2UniPk,0.7962,0.805
HaibA549GabpV0422111Etoh02UniPk,0.8785,0.8841
HaibHepg2Usf1Pcr1xUniPk,0.9704,0.9738
SydhH1hescJundIggrabUniPk,0.9227,0.9298
UwHacCtcfUniPk,0.9727,0.9762
BroadH1hescChd1a301218aUniPk,0.7382,0.752
HaibK562Hdac2sc6296V0416102UniPk,0.8531,0.8572
HaibK562Ctcflsc98982V0416101UniPk,0.9657,0.9743
SydhK562Tr4UcdUniPk,0.7444,0.8005
HaibA549Atf3V0422111Etoh02UniPk,0.8345,0.8309
HaibHepg2Foxa1sc101058V0416101UniPk,0.9531,0.955
SydhHuvecCfosUcdUniPk,0.953,0.9581
SydhHelas3Bdp1UniPk,0.7344,0.7957
BroadHuvecCtcfUniPk,0.978,0.9807
SydhGm12878JundUniPk,0.9519,0.9601
BroadNhlfEzh239875UniPk,0.7649,0.7746
BroadNhdfadEzh239875UniPk,0.7706,0.7941
SydhK562Sirt6UniPk,0.841,0.8594
HaibGm12892Pol24h8V0416102UniPk,0.7652,0.7781
SydhHelas3E2f4UniPk,0.8434,0.8507
SydhHelas3Pol2s2IggrabUniPk,0.7894,0.7985
UwAg09309CtcfUniPk,0.9793,0.9824
HaibHepg2Sin3ak20Pcr1xUniPk,0.8075,0.8244
HaibGm12878Ebf1sc137065Pcr1xUniPk,0.9097,0.9144
SydhK562Rad21UniPk,0.9925,0.9929
SydhGm18526NfkbTnfaIggrabUniPk,0.8554,0.883
SydhK562Stat1Ifna30UniPk,0.8216,0.8286
HaibHepg2Zbtb33Pcr1xUniPk,0.8532,0.874
SydhK562NfyaUniPk,0.9479,0.954
BroadHelas3CtcfUniPk,0.9557,0.9637
SydhMcf10aesCmycTam14hHvdUniPk,0.9098,0.9181
SydhHepg2Arid3anb100279IggrabUniPk,0.8785,0.8843
SydhA549Bhlhe40IggrabUniPk,0.9155,0.9203
SydhHelas3Rad21IggrabUniPk,0.9591,0.9659
HaibH1hescAtf2sc81188V0422111UniPk,0.8006,0.8175
HaibA549Six5V0422111Etoh02UniPk,0.8074,0.8286
SydhNt2d1Znf274UcdUniPk,0.9371,0.9522
BroadHuvecEzh239875UniPk,0.7805,0.7913
UtaGm12878CmycUniPk,0.7548,0.7837
HaibA549Ctcfsc5916Pcr1xDex100nmUniPk,0.9875,0.9901
SydhHepg2Pol2s2IggrabUniPk,0.7158,0.7295
HaibHepg2SrfV0416101UniPk,0.9158,0.9148
SydhA549Pol2s2IggrabUniPk,0.6519,0.7002
HaibK562Tead4sc101184V0422111UniPk,0.91,0.9097
SydhH1hescRfx5200401194IggrabUniPk,0.8649,0.8839
SydhHelas3Zkscan1hpa006672IggrabUniPk,0.8129,0.8331
HaibK562Yy1V0416101UniPk,0.8933,0.9053
SydhMcf10aesCfosTamHvdUniPk,0.9697,0.9752
UchicagoK562EjundUniPk,0.9096,0.9156
SydhK562Irf1Ifna30UniPk,0.8353,0.8329
HaibGm12878Bclaf101388V0416101UniPk,0.7925,0.8137
HaibHepg2Mbd4sc271530V0422111UniPk,0.7727,0.7986
SydhK562E2f6UcdUniPk,0.8357,0.8443
UtaMcf7CmycSerumstimUniPk,0.8431,0.8499
HaibK562Egr1V0416101UniPk,0.9514,0.9533
SydhHelas3Irf3IggrabUniPk,0.9299,0.9386
SydhH1hescCjunIggrabUniPk,0.9122,0.921
SydhHelas3CmycUniPk,0.8525,0.8713
SydhHelas3TbpIggrabUniPk,0.8253,0.8294
SydhHepg2Rad21IggrabUniPk,0.9714,0.9752
HaibGm12878Mta3sc81325V0422111UniPk,0.8233,0.8312
SydhGm12878TbpIggmusUniPk,0.7844,0.7951
HaibK562Pol24h8V0416101UniPk,0.8317,0.8391
SydhHelas3Tf3c110UniPk,0.9156,0.9301
UwHpfCtcfUniPk,0.9765,0.9829
UwHffCtcfUniPk,0.9851,0.9861
HaibGm12878Foxm1sc502V0422111UniPk,0.8776,0.8836
HaibT47dCtcfsc5916V0416102Dm002p1hUniPk,0.9809,0.9813
SydhMcf10aesPol2TamUniPk,0.8068,0.8147
SydhPbdePol2UcdUniPk,0.7778,0.7874
SydhNb4MaxUniPk,0.8978,0.9064
SydhH1hescChd1a301218aIggrabUniPk,0.6903,0.7274
SydhHelas3Rpc155UniPk,0.9554,0.9672
UwBjCtcfUniPk,0.978,0.981
HaibGm12878Six5Pcr1xUniPk,0.8787,0.8818
HaibSknshraRad21V0416102UniPk,0.9543,0.9595
UwAoafCtcfUniPk,0.98,0.9832
SydhHelas3Ini1IggmusUniPk,0.7716,0.7924
UwHct116CtcfUniPk,0.9801,0.9836
SydhK562Setdb1UcdUniPk,0.7917,0.8035
HaibHuvecPol24h8V0416101UniPk,0.8604,0.8683
HaibA549Bcl3V0422111Etoh02UniPk,0.7842,0.8146
HaibT47dGata3sc268V0416102Dm002p1hUniPk,0.9045,0.9052
HaibGm12878SrfPcr2xUniPk,0.8872,0.8977
SydhMcf7Gata3sc269UcdUniPk,0.8351,0.8499
SydhGm12878Znf274UniPk,0.9967,0.9972
SydhH1hescTbpIggrabUniPk,0.8118,0.8238
SydhK562CmycIggrabUniPk,0.8757,0.8824
SydhK562Pol3UniPk,0.9113,0.9071
SydhK562Stat1Ifng30UniPk,0.9259,0.932
UtaHuvecCtcfUniPk,0.9889,0.9909
SydhGm12892NfkbTnfaIggrabUniPk,0.8666,0.884
SydhHelas3Brg1IggmusUniPk,0.6893,0.6993
SydhHelas3Brca1a300IggrabUniPk,0.8589,0.8562
SydhK562Pol2IggmusUniPk,0.7553,0.7727
SydhH1hescBach1sc14700IggrabUniPk,0.8915,0.908
HaibGm12891Pol24h8Pcr1xUniPk,0.7673,0.7876
SydhHepg2Usf2IggrabUniPk,0.9691,0.9742
SydhH1hescMaxUcdUniPk,0.9005,0.9107
HaibH1hescSp4v20V0422111UniPk,0.7755,0.7977
HaibSknshNrsfV0416101UniPk,0.8998,0.9091
UtaGm12878CtcfUniPk,0.9852,0.9872
HaibGm12878Pbx3Pcr1xUniPk,0.8839,0.8956
HaibK562Elf1sc631V0416102UniPk,0.9427,0.9467
HaibGm12878Ets1Pcr1xUniPk,0.8555,0.859
HaibK562Zbtb7asc34508V0416101UniPk,0.8582,0.8643
SydhHelas3Tr4UniPk,0.8712,0.8758
UwWi38CtcfUniPk,0.9725,0.9748
HaibHepg2Tead4sc101184V0422111UniPk,0.8856,0.8968
HaibHepg2Hdac2sc6296V0416101UniPk,0.8616,0.879
SydhGm12878Zzz3UniPk,0.9131,0.9304
SydhGm12878NfybIggmusUniPk,0.9264,0.9339
HaibA549Usf1Pcr1xEtoh02UniPk,0.9337,0.9416
HaibK562Rad21V0416102UniPk,0.9816,0.9843
SydhHelas3Baf155IggmusUniPk,0.775,0.7784
BroadDnd41CtcfUniPk,0.9761,0.9801
HaibGm12891Pax5c20V0416101UniPk,0.8924,0.9061
SydhHepg2Rfx5200401194IggrabUniPk,0.8863,0.8953
SydhU2osSetdb1UcdUniPk,0.8385,0.8491
HaibK562Ets1V0416101UniPk,0.8094,0.8321
